{
  "roc_auc": 0.8382663169094178,
  "precision": 0.49430523917995445,
  "recall": 0.7722419928825622,
  "f1": 0.6027777777777777,
  "confusion_matrix": [
    [
      554,
      222
    ],
    [
      64,
      217
    ]
  ]
}