{"accuracy": [0.6547667384147644, 0.7292089462280273, 0.7328600287437439, 0.7314401865005493, 0.7397565841674805, 0.7332656979560852, 0.7446247339248657, 0.7417849898338318, 0.7395537495613098, 0.7501014471054077, 0.7413793206214905, 0.7503042817115784, 0.7476673722267151, 0.7468559741973877, 0.7478702068328857, 0.7468559741973877, 0.7555781006813049, 0.7572008371353149, 0.7600405812263489, 0.753346860408783, 0.7616632580757141, 0.7535496950149536, 0.7539553642272949, 0.7555781006813049, 0.752738356590271, 0.7665314674377441, 0.7606490850448608, 0.7569979429244995, 0.7657200694084167, 0.7606490850448608], "auc": [0.7543436288833618, 0.8044725656509399, 0.8186627626419067, 0.8277857303619385, 0.8294986486434937, 0.8295454978942871, 0.8348180055618286, 0.8374155759811401, 0.8387203812599182, 0.8421532511711121, 0.840287983417511, 0.8461822271347046, 0.8467148542404175, 0.8429516553878784, 0.8486709594726562, 0.8497269749641418, 0.8498794436454773, 0.8508478403091431, 0.8550307750701904, 0.8522750735282898, 0.8546215295791626, 0.8551921844482422, 0.8521968126296997, 0.8569587469100952, 0.8501603007316589, 0.8580934405326843, 0.8599265813827515, 0.8610813617706299, 0.8626254796981812, 0.8585734367370605], "loss": [0.607563316822052, 0.543310821056366, 0.5236949920654297, 0.5088703036308289, 0.5064502358436584, 0.5063483119010925, 0.4998054802417755, 0.4947773814201355, 0.49533939361572266, 0.48865607380867004, 0.49258124828338623, 0.4799709618091583, 0.48125430941581726, 0.48678773641586304, 0.4775295555591583, 0.4769604504108429, 0.4772864580154419, 0.47678980231285095, 0.4685255289077759, 0.4751785695552826, 0.4712272584438324, 0.46952611207962036, 0.47372525930404663, 0.46569713950157166, 0.4738102853298187, 0.46539151668548584, 0.4616614580154419, 0.4581490457057953, 0.45610347390174866, 0.46515733003616333], "val_accuracy": [0.7821969985961914, 0.7736742496490479, 0.7727272510528564, 0.7585227489471436, 0.7585227489471436, 0.751893937587738, 0.7556818127632141, 0.75, 0.75, 0.7443181872367859, 0.7424242496490479, 0.7452651262283325, 0.7357954382896423, 0.7376893758773804, 0.7348484992980957, 0.7339015007019043, 0.7376893758773804, 0.7339015007019043, 0.7263257503509521, 0.7348484992980957, 0.7376893758773804, 0.7272727489471436, 0.7178030014038086, 0.7282196879386902, 0.7263257503509521, 0.7291666865348816, 0.7301136255264282, 0.7272727489471436, 0.7291666865348816, 0.7339015007019043], "val_auc": [0.8214285969734192, 0.8268386125564575, 0.8345568180084229, 0.8328194618225098, 0.8361215591430664, 0.8373734354972839, 0.8388162851333618, 0.8362389802932739, 0.8374148607254028, 0.8391660451889038, 0.8395894765853882, 0.8401256799697876, 0.8401785492897034, 0.840134859085083, 0.84074467420578, 0.8394054174423218, 0.8400152325630188, 0.8395963907241821, 0.8396424055099487, 0.8396263122558594, 0.8411957025527954, 0.8415247201919556, 0.840162456035614, 0.8393547534942627, 0.84051913022995, 0.8414050936698914, 0.8388071060180664, 0.8378175497055054, 0.8386988639831543, 0.8398886322975159], "val_loss": [0.5648014545440674, 0.5470979809761047, 0.5192162990570068, 0.5034236311912537, 0.4866678714752197, 0.49395132064819336, 0.4832294285297394, 0.48154592514038086, 0.48343750834465027, 0.49077340960502625, 0.4936964511871338, 0.487820029258728, 0.5005548596382141, 0.4989545941352844, 0.49696171283721924, 0.5055046677589417, 0.5122864246368408, 0.5003255009651184, 0.5171621441841125, 0.5010806322097778, 0.5121469497680664, 0.5117131471633911, 0.5250009894371033, 0.5064232349395752, 0.5146486163139343, 0.5094217658042908, 0.517243504524231, 0.5090062618255615, 0.5104063153266907, 0.5131159424781799]}